Id,Name,Email,MaritalStatus,BirthDate
1,Boy Stratz,bstratz0@123-reg.co.uk,0,1986-04-18
2,Alden Wootton,awootton1@elpais.com,2,1967-07-12
3,Brennan Crick,bcrick2@telegraph.co.uk,1,1969-06-24
4,Griffith Gifford,ggifford3@purevolume.com,1,1958-04-10
5,Timmy Schade,tschade4@theguardian.com,1,1956-03-11
6,Wallache Pilipets,wpilipets5@arizona.edu,0,1954-12-28
7,Gertrude McGirl,gmcgirl6@wufoo.com,0,1951-02-05
8,Kathryn Blunden,kblunden7@mashable.com,0,1978-06-23
9,Wiley Forlonge,wforlonge8@smugmug.com,0,1962-05-22
10,Sal Sheppard,ssheppard9@nationalgeographic.com,2,1996-02-09
11,Carolyn Syres,csyresa@washingtonpost.com,2,1949-05-30
12,Elysia Sonnenschein,esonnenscheinb@time.com,1,1954-05-01
13,Tressa Simison,tsimisonc@chicagotribune.com,0,1947-03-01
14,Estell Hanton,ehantond@themeforest.net,0,1985-05-11
15,Almire Cescotti,acescottie@jugem.jp,2,1951-11-30
16,Hallsy Lampel,hlampelf@homestead.com,2,1993-02-17
17,Reta Simonard,rsimonardg@nsw.gov.au,2,1945-09-06
18,Olin Bevington,obevingtonh@wisc.edu,2,1950-01-12
19,Page Etchingham,petchinghami@free.fr,2,1983-12-31
20,Kendra Hachette,khachettej@parallels.com,1,1987-03-06
21,Dulcy Jemmett,djemmettk@alibaba.com,2,1948-08-25
22,Cherri Dunkerley,cdunkerleyl@newyorker.com,1,1969-07-24
23,Theodoric Connock,tconnockm@hibu.com,2,1966-08-09
24,Victoria Dellow,vdellown@npr.org,2,1976-01-24
25,Myriam Tidbury,mtidburyo@paginegialle.it,0,1961-07-05
26,Lesli McGaugie,lmcgaugiep@hugedomains.com,0,1996-04-18
27,Dulce Oylett,doylettq@elpais.com,1,1938-11-18
28,Lynsey Blacksell,lblacksellr@psu.edu,0,1992-11-24
29,Madeline Corbishley,mcorbishleys@ucla.edu,1,1983-11-17
30,Brear Poundford,bpoundfordt@fotki.com,0,1968-11-19
31,Court Sustin,csustinu@ebay.co.uk,0,1951-07-06
32,Darrel Ruggs,druggsv@geocities.com,2,1991-10-13
33,Antoine Whiteoak,awhiteoakw@desdev.cn,2,1947-03-15
34,Cal Ackred,cackredx@si.edu,0,1978-02-23
35,Beatrix Brunstan,bbrunstany@fda.gov,2,1994-03-20
36,Megan Klesl,mkleslz@uol.com.br,0,1981-12-28
37,Regine Brosnan,rbrosnan10@ucoz.ru,0,1968-04-26
38,Dusty Gillise,dgillise11@google.com.hk,1,1962-03-28
39,Louisette Conyers,lconyers12@buzzfeed.com,2,1985-11-19
40,Edythe Lobbe,elobbe13@weebly.com,2,1986-07-11
41,Anestassia Edgecumbe,aedgecumbe14@answers.com,1,1944-02-17
42,Archambault Mastrantone,amastrantone15@hubpages.com,0,1998-08-11
43,Arluene Gyves,agyves16@elegantthemes.com,2,1987-02-19
44,Sally Norcutt,snorcutt17@yellowpages.com,2,1988-04-21
45,Duff Rosenstock,drosenstock18@cdbaby.com,1,1995-07-18
46,Chet Dixsee,cdixsee19@studiopress.com,2,1981-09-14
47,Joycelin Heeron,jheeron1a@who.int,0,1974-04-06
48,Chrystal Lidierth,clidierth1b@friendfeed.com,0,1947-06-22
49,Anthia Leppington,aleppington1c@sitemeter.com,2,1981-07-27
50,Evelin Chettoe,echettoe1d@mysql.com,2,1976-05-03
51,Kipp Gatherer,kgatherer1e@nytimes.com,0,1962-09-23
52,Lorrie Lovekin,llovekin1f@oracle.com,2,1986-07-31
53,Akim Pounder,apounder1g@e-recht24.de,2,1952-05-29
54,Klement Saffill,ksaffill1h@newsvine.com,2,1957-10-02
55,Moises Tomasello,mtomasello1i@google.it,0,1953-02-16
56,Northrop Pedden,npedden1j@4shared.com,0,1984-12-15
57,Elga Nemchinov,enemchinov1k@toplist.cz,2,1988-03-30
58,Marcille Deetch,mdeetch1l@prnewswire.com,1,1944-05-01
59,Sapphira Aronstam,saronstam1m@parallels.com,0,1957-11-24
60,Concordia Barling,cbarling1n@statcounter.com,2,1981-05-31
61,Jo Addey,jaddey1o@tripadvisor.com,1,1947-09-29
62,Ema Seys,eseys1p@hostgator.com,0,1990-08-26
63,Corny Cowherd,ccowherd1q@alexa.com,1,1962-01-26
64,Michaeline Roxburch,mroxburch1r@forbes.com,0,1994-12-21
65,Blondy Lanfer,blanfer1s@istockphoto.com,1,1976-03-03
66,Kyle Brogioni,kbrogioni1t@businessweek.com,0,1946-01-19
67,Giselbert Orred,gorred1u@histats.com,0,1973-10-01
68,Elladine Whitten,ewhitten1v@joomla.org,1,1988-01-18
69,Rochette Aleshkov,raleshkov1w@spiegel.de,2,2000-02-06
70,Kaila Lucia,klucia1x@cyberchimps.com,0,1971-05-05
71,Zorina Lesor,zlesor1y@purevolume.com,0,1945-12-03
72,Gaby Mullord,gmullord1z@apache.org,1,1989-11-27
73,Rayshell Youthead,ryouthead20@freewebs.com,1,1964-08-14
74,Caddric Masser,cmasser21@zimbio.com,0,1953-07-08
75,Debra Brilleman,dbrilleman22@phoca.cz,1,1960-01-06
76,Leandra Moodie,lmoodie23@virginia.edu,2,1963-04-23
77,Anni Kulvear,akulvear24@networksolutions.com,0,1986-04-26
78,Jandy Simpole,jsimpole25@example.com,2,1953-10-16
79,Blane Bedberry,bbedberry26@engadget.com,1,1971-03-12
80,Garner Kretchmer,gkretchmer27@tuttocitta.it,2,1946-06-27
81,Fanny Challender,fchallender28@squarespace.com,0,1962-11-14
82,Gisella Smee,gsmee29@gnu.org,1,1966-03-26
83,Artur Masterson,amasterson2a@berkeley.edu,0,1984-07-27
84,Domenic Wasielewicz,dwasielewicz2b@tinyurl.com,0,1943-11-29
85,Elvina Cadalleder,ecadalleder2c@posterous.com,2,1973-04-02
86,Walden Davley,wdavley2d@reverbnation.com,2,1973-02-05
87,Danny Forestall,dforestall2e@dedecms.com,2,1969-12-18
88,Germayne Hugnot,ghugnot2f@miitbeian.gov.cn,0,1961-07-02
89,Gus Faloon,gfaloon2g@harvard.edu,2,1985-08-20
90,Twyla Lalor,tlalor2h@globo.com,1,1995-11-19
91,Kora Condliffe,kcondliffe2i@soup.io,1,1966-01-16
92,Alecia Rutt,arutt2j@123-reg.co.uk,2,1986-04-02
93,Salomon Crighton,scrighton2k@yellowpages.com,1,1971-12-10
94,Carlin Pates,cpates2l@mediafire.com,2,1997-11-25
95,Tawnya Stiven,tstiven2m@bigcartel.com,2,1985-09-24
96,Lissi Groundwator,lgroundwator2n@ocn.ne.jp,2,1987-01-05
97,Oralia Bockh,obockh2o@businesswire.com,2,1955-10-31
98,Shalne Lesly,slesly2p@discovery.com,1,1972-04-13
99,Trixie Taks,ttaks2q@histats.com,1,1952-05-30
100,Giavani Cuxon,gcuxon2r@etsy.com,1,1963-04-21
101,Jeffie Lavington,jlavington2s@independent.co.uk,1,1969-02-28
102,Rodger Yarnton,ryarnton2t@squarespace.com,1,1948-10-09
103,Louisette Thwaite,lthwaite2u@home.pl,2,1957-02-22
104,Amanda MacCaffrey,amaccaffrey2v@earthlink.net,1,1963-02-05
105,Elliott Tapton,etapton2w@imdb.com,0,1956-11-18
106,Ianthe Matterson,imatterson2x@cafepress.com,1,1992-11-20
107,Donna Shelmerdine,dshelmerdine2y@oaic.gov.au,2,1980-10-28
108,Persis Cloake,pcloake2z@free.fr,1,1947-09-16
109,Cesar McIlwraith,cmcilwraith30@sun.com,0,1942-01-09
110,Franklyn Denver,fdenver31@free.fr,1,1985-01-20
111,Janka Brahams,jbrahams32@ebay.co.uk,2,1973-06-26
112,Catlin Andriveaux,candriveaux33@wisc.edu,1,1992-08-13
113,Nissa Nudde,nnudde34@surveymonkey.com,2,1977-08-27
114,Che Benzie,cbenzie35@discuz.net,1,1995-09-03
115,Madelyn Tomaini,mtomaini36@hubpages.com,0,1995-03-19
116,Ellary Joan,ejoan37@miibeian.gov.cn,2,1954-02-21
117,Alika Greatorex,agreatorex38@sakura.ne.jp,2,1993-03-15
118,Evvie Cafferty,ecafferty39@free.fr,1,1980-04-06
119,Wernher Stopher,wstopher3a@blinklist.com,1,1998-07-08
120,Skye Barnett,sbarnett3b@google.pl,2,1998-01-03
121,Leola Aneley,laneley3c@cnet.com,2,1974-08-13
122,Prescott Baseke,pbaseke3d@toplist.cz,2,1971-01-07
123,Brion Nutton,bnutton3e@wordpress.org,0,1953-06-13
124,Wang Ganny,wganny3f@aboutads.info,2,1967-07-12
125,Bernelle Baruch,bbaruch3g@gnu.org,2,1974-01-27
126,Dee dee Willis,ddee3h@sourceforge.net,0,1960-06-19
127,Crystie Lage,clage3i@icq.com,0,1950-09-05
128,Wilhelm Newcombe,wnewcombe3j@woothemes.com,1,1969-07-18
129,Eolanda Bomfield,ebomfield3k@sfgate.com,2,1997-10-09
130,Evangelina Barlace,ebarlace3l@slate.com,2,1954-09-04
131,Stoddard Kauschke,skauschke3m@cbc.ca,1,1940-02-13
132,Victoria Pankethman,vpankethman3n@guardian.co.uk,1,1957-10-01
133,Willy Attfield,wattfield3o@narod.ru,1,1954-11-18
134,Ivy Lochead,ilochead3p@wordpress.org,2,1975-06-21
135,Gavra Glowacz,gglowacz3q@home.pl,2,1939-04-15
136,Noell Dellenbrok,ndellenbrok3r@skype.com,0,1956-09-23
137,Julian Sear,jsear3s@sakura.ne.jp,0,1954-06-20
138,Rickie Finnes,rfinnes3t@nbcnews.com,0,1948-03-29
139,Marius Heathwood,mheathwood3u@unesco.org,0,1968-04-11
140,Erin Prestidge,eprestidge3v@shutterfly.com,2,1972-04-27
141,Brittan Yearnes,byearnes3w@sbwire.com,2,1954-08-19
142,Sylas Stoppe,sstoppe3x@arizona.edu,0,1988-10-01
143,Nelie Pawlick,npawlick3y@myspace.com,0,1982-11-18
144,Lowrance Lethbrig,llethbrig3z@zimbio.com,1,1949-10-02
145,Tiffie Yakebowitch,tyakebowitch40@wp.com,2,1971-11-02
146,Coreen McMichan,cmcmichan41@unicef.org,1,1997-12-21
147,Eryn Pumphreys,epumphreys42@desdev.cn,2,1952-04-24
148,Paulita Maggiori,pmaggiori43@livejournal.com,2,1959-11-21
149,Karrie Phethean,kphethean44@vistaprint.com,1,1944-05-13
150,Arlen Upcott,aupcott45@hubpages.com,2,1994-12-04
151,Donia Woolward,dwoolward46@dyndns.org,0,1977-12-24
152,Neille Blanchette,nblanchette47@goo.ne.jp,1,1980-03-12
153,Paola Baldacchi,pbaldacchi48@epa.gov,2,1976-09-25
154,Claudio Nann,cnann49@wp.com,2,1955-10-06
155,Joelle Frankcom,jfrankcom4a@dailymail.co.uk,2,1944-12-26
156,Wash Muzzillo,wmuzzillo4b@cbsnews.com,1,1960-01-13
157,Osmond Purkins,opurkins4c@shinystat.com,0,1989-10-31
158,Freddie Nolton,fnolton4d@reuters.com,0,1963-05-12
159,Pattie Runsey,prunsey4e@reference.com,1,1975-12-15
160,Burlie Haffenden,bhaffenden4f@go.com,2,1939-03-30
161,Nicoli Dalziell,ndalziell4g@biglobe.ne.jp,0,1966-07-26
162,Gabi Yosifov,gyosifov4h@tinyurl.com,2,1968-03-20
163,Tami Nayer,tnayer4i@xrea.com,2,1958-09-23
164,Danila Caddick,dcaddick4j@squidoo.com,1,1971-04-03
165,Stormy Guillou,sguillou4k@ihg.com,0,1983-02-04
166,Kellby Tweede,ktweede4l@cafepress.com,1,1975-07-24
167,Morly Sneath,msneath4m@hibu.com,2,1959-11-16
168,Chrysler Roffe,croffe4n@washington.edu,2,1949-06-28
169,Haskel Baselio,hbaselio4o@theatlantic.com,1,1946-08-17
170,Patty Colebourn,pcolebourn4p@ucla.edu,0,1978-04-15
171,Halley Hrinchenko,hhrinchenko4q@google.pl,1,1979-11-29
172,Hasty Thaim,hthaim4r@google.es,1,1939-09-03
173,Nikolai Byfford,nbyfford4s@yale.edu,0,1986-07-27
174,Garvy Sibbering,gsibbering4t@indiatimes.com,2,1966-08-30
175,Herb Edscer,hedscer4u@imdb.com,0,1944-08-14
176,Fancie Drain,fdrain4v@cam.ac.uk,2,1995-03-17
177,Gratiana Laise,glaise4w@163.com,1,1999-07-16
178,Barbabra Guidini,bguidini4x@npr.org,2,1974-10-12
179,Dalt Lineen,dlineen4y@springer.com,2,1986-07-28
180,Adan Shannon,ashannon4z@ehow.com,0,1989-05-04
181,Gardiner Probert,gprobert50@creativecommons.org,1,1994-02-25
182,Sayers Manuele,smanuele51@soup.io,2,1951-11-09
183,Renae Dolling,rdolling52@wordpress.org,1,1967-01-06
184,Tabina Robardet,trobardet53@scribd.com,0,1939-05-27
185,Correy Vankin,cvankin54@sbwire.com,2,1972-07-22
186,Malina Maciunas,mmaciunas55@tripod.com,2,1980-01-23
187,Beckie Lorraine,blorraine56@sfgate.com,1,1961-01-06
188,Eleanor Southon,esouthon57@163.com,2,1966-09-15
189,Hart Bartod,hbartod58@macromedia.com,1,1963-05-04
190,Bobette Edlington,bedlington59@hibu.com,1,1965-11-13
191,Boony Caulder,bcaulder5a@over-blog.com,1,1981-08-01
192,Antonie Bletsor,abletsor5b@ucoz.ru,2,1941-05-25
193,Sean Ovey,sovey5c@mozilla.com,1,1963-06-08
194,Karola Tootal,ktootal5d@fotki.com,1,1959-04-25
195,Aveline Merrgen,amerrgen5e@mediafire.com,1,1996-09-25
196,Marthe Droogan,mdroogan5f@ucoz.ru,1,2000-04-27
197,Leshia Chilvers,lchilvers5g@wunderground.com,0,1998-01-10
198,Arleyne Banghe,abanghe5h@google.co.uk,1,1967-09-06
199,Thayne Donnelly,tdonnelly5i@linkedin.com,1,1977-06-21
200,Lyell Lamkin,llamkin5j@1und1.de,0,1949-09-02
201,Drusy Jocelyn,djocelyn5k@cpanel.net,0,1974-10-05
202,Audi Richardeau,arichardeau5l@ihg.com,2,1978-07-02
203,Dunstan McRobbie,dmcrobbie5m@cafepress.com,1,1976-10-25
204,Boyce Roglieri,broglieri5n@telegraph.co.uk,0,1959-03-13
205,Bald Drinkale,bdrinkale5o@noaa.gov,1,1939-09-10
206,Grete Yarr,gyarr5p@miibeian.gov.cn,1,1959-12-20
207,Liana Braunfeld,lbraunfeld5q@icq.com,1,1982-03-08
208,Noellyn Juszkiewicz,njuszkiewicz5r@illinois.edu,0,1988-05-08
209,Bram Morling,bmorling5s@mozilla.org,1,1980-09-17
210,Ernestus Bebbington,ebebbington5t@tinypic.com,2,1940-11-16
211,Bald Kingswood,bkingswood5u@lulu.com,1,1989-07-18
212,Dalia Hullett,dhullett5v@cdc.gov,2,1996-06-01
213,Giordano Carter,gcarter5w@slate.com,0,1942-09-28
214,Salomi Reiners,sreiners5x@ucla.edu,1,1972-04-23
215,Susana Hallsworth,shallsworth5y@networkadvertising.org,0,1958-12-15
216,Carolyne Artinstall,cartinstall5z@accuweather.com,0,1982-11-07
217,Bessy Fawbert,bfawbert60@house.gov,0,1970-02-26
218,Nannie Causby,ncausby61@theatlantic.com,1,1968-12-13
219,Evangeline Mattioli,emattioli62@harvard.edu,0,1955-07-07
220,Delcine Martello,dmartello63@delicious.com,0,1966-04-14
221,Hewett Wolfart,hwolfart64@sun.com,1,1994-07-18
222,Stanford Lidden,slidden65@bbc.co.uk,1,1983-07-27
223,Nicole Doddemeede,ndoddemeede66@amazon.com,1,1942-06-03
224,Lucias Stolz,lstolz67@dmoz.org,1,1974-03-10
225,Giacobo MacDonough,gmacdonough68@reddit.com,1,1962-06-01
226,Weber Collyer,wcollyer69@dedecms.com,2,1987-03-31
227,Herold Brittian,hbrittian6a@google.com,1,1959-08-17
228,Stephi Bree,sbree6b@paypal.com,2,1963-01-28
229,Marcello Tocque,mtocque6c@friendfeed.com,1,1975-09-29
230,Jocelyn Crake,jcrake6d@lycos.com,1,1951-05-04
231,Janice Dillistone,jdillistone6e@reddit.com,2,1948-11-11
232,Thaddus Golland,tgolland6f@cbslocal.com,0,1991-02-23
233,Melinde Koubek,mkoubek6g@indiegogo.com,1,1939-04-26
234,Barnabas Nend,bnend6h@bluehost.com,0,1999-02-06
235,Percy Songust,psongust6i@usnews.com,2,1979-09-03
236,Coraline Olech,colech6j@tmall.com,1,1988-03-02
237,Peterus Powling,ppowling6k@ca.gov,1,1939-03-06
238,Janice Okenden,jokenden6l@php.net,0,2000-02-21
239,Jamesy Calfe,jcalfe6m@jigsy.com,2,1943-09-24
240,Darrelle Frankland,dfrankland6n@lycos.com,1,1978-08-27
241,Esther Westbrook,ewestbrook6o@illinois.edu,2,1997-10-19
242,Homer Pinock,hpinock6p@youtu.be,2,1958-05-29
243,Clarine Perle,cperle6q@toplist.cz,2,1995-09-03
244,Joaquin Houston,jhouston6r@gmpg.org,1,1952-08-23
245,Broddy Vogeller,bvogeller6s@tmall.com,2,1957-09-03
246,Morgen Keyzor,mkeyzor6t@ifeng.com,1,1949-09-27
247,Magdalene Duchan,mduchan6u@time.com,0,1940-06-30
248,Worden Banbury,wbanbury6v@tripadvisor.com,0,1987-02-05
249,Hazlett Emby,hemby6w@craigslist.org,2,1995-07-26
250,Jillene Ragles,jragles6x@ning.com,1,1986-08-19
251,Elka Lehrle,elehrle6y@pcworld.com,1,1966-10-14
252,Steven Di Biasio,sdi6z@tumblr.com,1,1961-12-11
253,Hammad Marle,hmarle70@skype.com,0,1958-09-21
254,Meriel Noads,mnoads71@cdc.gov,1,1972-05-30
255,Rubina Gabbot,rgabbot72@e-recht24.de,2,1941-01-17
256,Matthiew Robbel,mrobbel73@geocities.com,1,1993-05-04
257,Jaine Buttle,jbuttle74@unblog.fr,2,1962-10-06
258,Valentina Toke,vtoke75@redcross.org,2,1941-05-25
259,Audrie O'Monahan,aomonahan76@livejournal.com,0,1967-03-30
260,Cyrus Iredell,ciredell77@de.vu,2,1943-05-02
261,Trever Wroth,twroth78@deviantart.com,0,1940-12-21
262,Brittni Sedman,bsedman79@cmu.edu,2,1963-08-19
263,Bobby Blaydon,bblaydon7a@example.com,2,1993-09-13
264,Romeo Borrel,rborrel7b@i2i.jp,0,1979-11-12
265,Nonna Ruby,nruby7c@bing.com,1,1978-09-12
266,Obie Fist,ofist7d@cdbaby.com,0,1955-01-15
267,Bryanty Camus,bcamus7e@ycombinator.com,1,1949-12-06
268,Lida Mustarde,lmustarde7f@hibu.com,2,1983-07-04
269,Osborne Fortey,ofortey7g@angelfire.com,0,1984-10-22
270,Marijn Labro,mlabro7h@gmpg.org,1,1963-03-14
271,Ranice Girdler,rgirdler7i@cargocollective.com,1,1980-07-26
272,Tomasine Stuckes,tstuckes7j@time.com,1,1990-07-04
273,Ashton Warfield,awarfield7k@vistaprint.com,1,1976-10-01
274,Jodee Swithenby,jswithenby7l@cisco.com,1,1998-01-05
275,Stacie Chessman,schessman7m@vk.com,2,1987-12-23
276,Gabriella Raun,graun7n@abc.net.au,1,1953-06-04
277,Perren Dowe,pdowe7o@imgur.com,1,1980-09-24
278,Stuart Congreave,scongreave7p@si.edu,2,1965-03-30
279,Sheena Wride,swride7q@indiatimes.com,2,1968-06-12
280,Jarret Jakubovitch,jjakubovitch7r@ebay.com,2,1990-11-22
281,Sigismundo Ashton,sashton7s@newsvine.com,2,1977-05-19
282,Silvie Sawnwy,ssawnwy7t@omniture.com,1,1963-01-08
283,Marlene Bate,mbate7u@webmd.com,2,1946-11-16
284,Genvieve Canning,gcanning7v@adobe.com,2,1964-04-22
285,Matty Swindle,mswindle7w@army.mil,1,1962-01-27
286,Gratia Emig,gemig7x@disqus.com,2,1976-06-15
287,Isa Keenan,ikeenan7y@huffingtonpost.com,1,1978-11-28
288,Rodie Apdell,rapdell7z@nature.com,0,1940-12-11
289,Evie Spoure,espoure80@ifeng.com,2,1984-04-28
290,Lezley Caudray,lcaudray81@shutterfly.com,2,1969-09-23
291,Hailee Studdard,hstuddard82@google.ru,1,1999-06-07
292,Lynn Egalton,legalton83@aboutads.info,1,1989-09-11
293,Ashil Edmenson,aedmenson84@dropbox.com,1,1954-09-14
294,Silvester Keddy,skeddy85@geocities.com,2,1990-11-01
295,Petronia Sprigg,psprigg86@bigcartel.com,2,1983-09-28
296,Muhammad Strode,mstrode87@usnews.com,1,1959-12-09
297,Selina Burnep,sburnep88@diigo.com,0,1958-03-21
298,Eyde Syfax,esyfax89@netlog.com,2,2000-06-07
299,Carmelle Wastell,cwastell8a@ameblo.jp,0,1993-10-08
300,Grove Tellesson,gtellesson8b@ed.gov,2,1992-10-08
301,Darcy Gwyer,dgwyer8c@mapy.cz,1,1963-03-06
302,Remy Harwin,rharwin8d@ed.gov,0,1964-09-11
303,Sandye Elgey,selgey8e@wunderground.com,1,1939-07-18
304,Gerty Idenden,gidenden8f@umn.edu,0,1980-12-24
305,Whit Hurn,whurn8g@redcross.org,1,1988-10-29
306,Barnabas Spain,bspain8h@irs.gov,0,1976-03-16
307,Wilburt Nunnery,wnunnery8i@behance.net,2,1970-07-29
308,Agnes Nevins,anevins8j@alibaba.com,2,1941-01-16
309,Porter Murrells,pmurrells8k@house.gov,0,1952-09-13
310,Lynne Gregoraci,lgregoraci8l@gov.uk,0,1951-09-06
311,Elvyn Wapplington,ewapplington8m@cnbc.com,2,1988-01-01
312,Carmon Zumbusch,czumbusch8n@topsy.com,0,1966-03-10
313,Courtnay Tavernor,ctavernor8o@howstuffworks.com,1,1955-05-04
314,Monique Olden,molden8p@imdb.com,0,1981-10-22
315,Waring Focke,wfocke8q@ca.gov,2,1959-02-22
316,Benjamin Kaemena,bkaemena8r@smugmug.com,1,1968-10-28
317,Honoria Bartalini,hbartalini8s@whitehouse.gov,2,1944-10-11
318,Lancelot Sandes,lsandes8t@usgs.gov,1,1958-01-07
319,Tito Mitchiner,tmitchiner8u@bloglovin.com,2,1994-11-07
320,Ginny Grute,ggrute8v@va.gov,0,1954-11-28
321,Clara Bader,cbader8w@scientificamerican.com,1,1960-03-27
322,Pauletta Denisyuk,pdenisyuk8x@histats.com,1,1970-09-09
323,Ceciley Feldbrin,cfeldbrin8y@cisco.com,1,1968-04-30
324,Anthia Filyushkin,afilyushkin8z@yahoo.co.jp,0,1965-06-10
325,Mercedes Ferbrache,mferbrache90@studiopress.com,2,1995-08-29
326,Sibyl Trembath,strembath91@sitemeter.com,1,1985-12-12
327,Dukie Claiden,dclaiden92@de.vu,1,1958-12-18
328,Amaleta Minthorpe,aminthorpe93@cnn.com,1,1967-07-25
329,Chiquita Quickfall,cquickfall94@chicagotribune.com,2,1962-06-08
330,Tova Kopecka,tkopecka95@miitbeian.gov.cn,1,1993-08-05
331,Claudine Cornfield,ccornfield96@bbc.co.uk,1,1955-12-28
332,Joeann Peddie,jpeddie97@about.me,1,1970-09-21
333,Karrah Marten,kmarten98@auda.org.au,1,1993-03-31
334,Valene Diess,vdiess99@berkeley.edu,0,1985-07-25
335,Peggie Triplet,ptriplet9a@dagondesign.com,1,1957-07-28
336,Carolan Wiffill,cwiffill9b@hexun.com,1,1965-05-15
337,Lishe Gallemore,lgallemore9c@blogtalkradio.com,0,1971-08-28
338,Aleda Elbourne,aelbourne9d@histats.com,2,1962-04-23
339,Ulysses Andrewartha,uandrewartha9e@hugedomains.com,2,1952-08-14
340,Chen Salmen,csalmen9f@ucoz.ru,1,1997-06-22
341,Leila Flieger,lflieger9g@mail.ru,0,1990-05-08
342,Lem Phipps,lphipps9h@google.com.hk,1,1948-03-12
343,Tisha Copyn,tcopyn9i@php.net,2,1994-06-19
344,Berte Sussex,bsussex9j@t-online.de,0,1988-02-15
345,Rollins D'Ambrosio,rdambrosio9k@prlog.org,1,1986-04-16
346,Livia Skitteral,lskitteral9l@eepurl.com,2,1944-10-17
347,Flore Satyford,fsatyford9m@phoca.cz,1,1989-05-31
348,Athene Poad,apoad9n@huffingtonpost.com,1,1973-08-29
349,Anetta Sabattier,asabattier9o@bizjournals.com,1,1993-09-10
350,Shoshanna Litster,slitster9p@tumblr.com,2,1964-02-18
351,Della Beckles,dbeckles9q@domainmarket.com,1,1978-10-18
352,Wilbert Celler,wceller9r@taobao.com,2,1982-11-17
353,Meta Klimentyonok,mklimentyonok9s@weebly.com,0,1965-12-15
354,Cherye Ogelbe,cogelbe9t@bbc.co.uk,0,1950-08-15
355,Marrilee Dunphie,mdunphie9u@usa.gov,0,1976-07-01
356,Carine Woodford,cwoodford9v@odnoklassniki.ru,0,1947-09-25
357,Jana Juliff,jjuliff9w@gov.uk,0,1975-10-17
358,Stanly Burgne,sburgne9x@people.com.cn,1,1948-04-20
359,Bentlee Jonke,bjonke9y@macromedia.com,1,1994-03-07
360,Ann Cheson,acheson9z@multiply.com,0,1999-10-21
361,Tildie Trimby,ttrimbya0@jalbum.net,2,1956-08-17
362,Jodee Enrigo,jenrigoa1@wikipedia.org,0,1950-10-10
363,Caryn Yarn,cyarna2@theglobeandmail.com,1,1983-04-02
364,Jacinthe Welsby,jwelsbya3@un.org,1,1969-07-10
365,Kissiah Cheal,kcheala4@technorati.com,2,1986-07-10
366,Alexandra Shilleto,ashilletoa5@bloglines.com,1,1968-07-21
367,Chloette Trillow,ctrillowa6@digg.com,1,1943-02-13
368,Angelica Tansey,atanseya7@sakura.ne.jp,2,1951-01-31
369,Marion Goodread,mgoodreada8@ebay.co.uk,2,1950-11-05
370,Rodney Madner,rmadnera9@is.gd,1,1981-02-07
371,Gualterio Cale,gcaleaa@360.cn,1,1984-06-13
372,Marcelia Gretton,mgrettonab@exblog.jp,0,1940-07-05
373,Michael Hawford,mhawfordac@facebook.com,0,1983-07-23
374,Valentina Emmerson,vemmersonad@hatena.ne.jp,0,1978-11-17
375,Lira Le Brom,lleae@thetimes.co.uk,2,1960-10-19
376,Jordana Burnet,jburnetaf@storify.com,2,1951-02-10
377,Davis Showl,dshowlag@harvard.edu,0,1996-09-27
378,Gabriel Gyorgy,ggyorgyah@dot.gov,2,1951-05-28
379,Nikolos Girk,ngirkai@fc2.com,2,1943-12-21
380,Kamillah Paintain,kpaintainaj@google.it,2,1994-04-10
381,Karla Casson,kcassonak@shutterfly.com,0,1947-10-07
382,Horatio Challice,hchalliceal@sitemeter.com,2,1954-08-15
383,Artemis McMillian,amcmillianam@artisteer.com,0,1957-08-31
384,Joela Pegram,jpegraman@canalblog.com,0,1948-06-09
385,Tremayne Blooman,tbloomanao@ft.com,0,1972-02-18
386,Talya Medina,tmedinaap@over-blog.com,2,1961-11-29
387,Astrid Sarfas,asarfasaq@intel.com,0,1962-09-13
388,Revkah Tregian,rtregianar@youtube.com,0,1949-10-08
389,Phebe Jeandillou,pjeandillouas@behance.net,2,1945-10-22
390,Teriann Rolfs,trolfsat@blogs.com,1,1978-04-16
391,Cassie Minnis,cminnisau@xinhuanet.com,0,1976-05-17
392,Ada Cayzer,acayzerav@ezinearticles.com,0,1976-05-17
393,Fredi Clawsley,fclawsleyaw@shutterfly.com,0,1976-08-28
394,Amity Betteridge,abetteridgeax@census.gov,1,1973-07-30
395,Adel O'Scollain,aoscollainay@businesswire.com,1,1942-12-06
396,Nathan Lampett,nlampettaz@senate.gov,0,1941-07-20
397,Les Kennford,lkennfordb0@vinaora.com,1,1998-11-10
398,Anthe Fireman,afiremanb1@furl.net,1,1961-11-05
399,Bridgette Sickamore,bsickamoreb2@list-manage.com,2,1951-12-15
400,Cliff Castan,ccastanb3@studiopress.com,0,1975-10-06
401,Perry Bracher,pbracherb4@parallels.com,0,1956-12-27
402,Bartlet Biddlestone,bbiddlestoneb5@archive.org,0,1993-07-29
403,Stuart Lugton,slugtonb6@elpais.com,1,1939-11-20
404,Artur Bernardt,abernardtb7@seesaa.net,1,1990-07-21
405,Alastair Ropars,aroparsb8@mail.ru,2,1998-07-31
406,Brodie Prewer,bprewerb9@thetimes.co.uk,1,1992-08-03
407,Leonanie Hartnup,lhartnupba@lycos.com,1,1940-10-17
408,Barbara Master,bmasterbb@parallels.com,2,1967-11-19
409,Bartolomeo Noton,bnotonbc@cocolog-nifty.com,0,1983-02-25
410,Kimble Nardrup,knardrupbd@mlb.com,2,1992-08-18
411,Shaylah Le Gallo,slebe@aol.com,2,1991-01-20
412,Parry Rohlf,prohlfbf@craigslist.org,1,1996-01-02
413,Lindsey Inge,lingebg@geocities.jp,0,1977-07-28
414,Tabina Rawkesby,trawkesbybh@blinklist.com,2,2000-02-07
415,Nettie Badder,nbadderbi@parallels.com,1,1976-08-10
416,Lyman Jakubczyk,ljakubczykbj@guardian.co.uk,0,1959-02-28
417,Augie Enrietto,aenriettobk@hibu.com,1,1941-03-28
418,Hill Barthelmes,hbarthelmesbl@deliciousdays.com,1,1959-01-09
419,Naoma Harriott,nharriottbm@dropbox.com,1,1990-09-16
420,Gene Grammer,ggrammerbn@ezinearticles.com,1,1965-11-16
421,Lyell Taylor,ltaylorbo@free.fr,1,1990-11-26
422,Madella Merrien,mmerrienbp@scientificamerican.com,1,1939-08-03
423,Reeva Slinn,rslinnbq@ox.ac.uk,0,1993-01-14
424,Dian Halling,dhallingbr@umn.edu,1,1940-05-05
425,Letta Friel,lfrielbs@nature.com,2,1962-04-12
426,Orazio Cathersides,ocathersidesbt@mit.edu,0,1995-11-20
427,Jemie Phillcock,jphillcockbu@unc.edu,0,1964-04-26
428,Quincy Powlett,qpowlettbv@issuu.com,1,1986-07-21
429,Lauree Bedingfield,lbedingfieldbw@blogs.com,0,1943-03-28
430,Ardath Benettolo,abenettolobx@xrea.com,0,1975-03-01
431,Eileen Langhorn,elanghornby@linkedin.com,0,1971-08-21
432,Alexandro Poyle,apoylebz@reuters.com,2,1972-05-22
433,Eleanore Jacobowitz,ejacobowitzc0@indiatimes.com,2,1990-11-09
434,Sheba Plait,splaitc1@unblog.fr,0,1979-09-16
435,Melina Bradfield,mbradfieldc2@wordpress.org,2,1981-10-28
436,Bernita McManamen,bmcmanamenc3@nytimes.com,0,1980-12-22
437,Shel Broadist,sbroadistc4@uol.com.br,2,1956-10-19
438,Alanna Relph,arelphc5@webs.com,1,1966-08-02
439,Belinda Colter,bcolterc6@engadget.com,1,1948-02-05
440,Caroljean Glassborow,cglassborowc7@twitpic.com,0,1979-08-11
441,Zak Lewsley,zlewsleyc8@wikia.com,2,1985-06-28
442,Dag Pinck,dpinckc9@seattletimes.com,1,1966-11-06
443,Mame Frascone,mfrasconeca@list-manage.com,0,1961-04-15
444,Eolanda Harmar,eharmarcb@wordpress.org,1,1948-11-19
445,Donovan Antley,dantleycc@google.nl,1,1943-10-29
446,Fina Chislett,fchislettcd@macromedia.com,1,1987-12-15
447,Melania Francklyn,mfrancklynce@bloglovin.com,0,1965-11-16
448,Sheeree Woollam,swoollamcf@miibeian.gov.cn,2,1994-05-26
449,Emmett Clear,eclearcg@usatoday.com,2,1945-03-21
450,Perrine Tosney,ptosneych@bluehost.com,0,1966-03-11
451,Gunilla Filippov,gfilippovci@amazon.com,0,1982-08-12
452,Bryce Shallcross,bshallcrosscj@disqus.com,2,1974-07-15
453,Coletta Tebbutt,ctebbuttck@parallels.com,2,1988-09-12
454,Jayne Hallybone,jhallybonecl@cisco.com,0,1994-04-18
455,Krysta D'Ambrogio,kdambrogiocm@discuz.net,1,1967-04-08
456,Karisa Degue,kdeguecn@upenn.edu,2,1946-04-01
457,Ginni Hardi,ghardico@statcounter.com,0,1976-10-08
458,Breanne Lawson,blawsoncp@clickbank.net,2,1957-04-06
459,Phylys Ruzic,pruziccq@shutterfly.com,2,1948-04-22
460,Sarena Shepheard,sshepheardcr@geocities.com,2,1977-01-19
461,Ame Sottell,asottellcs@youtu.be,2,1964-03-17
462,Hermon Cushe,hcushect@t-online.de,2,1980-01-03
463,Koral Mabbs,kmabbscu@furl.net,1,1962-01-13
464,Fina McPhater,fmcphatercv@ehow.com,2,1978-03-11
465,Carly Marchington,cmarchingtoncw@ebay.com,1,1941-01-17
466,Ansley Arboine,aarboinecx@hao123.com,1,1973-01-31
467,Cloris Bye,cbyecy@nature.com,2,1998-08-05
468,Gabie Rawls,grawlscz@omniture.com,0,1981-09-18
469,Charles Furnival,cfurnivald0@ed.gov,2,1950-10-02
470,Mill Parlett,mparlettd1@craigslist.org,2,1985-03-25
471,Morse Keneforde,mkeneforded2@sun.com,0,1950-03-09
472,Lazaro Joseff,ljoseffd3@livejournal.com,2,1998-12-03
473,Madge Scholtis,mscholtisd4@hud.gov,0,1952-05-12
474,Rouvin Scuffham,rscuffhamd5@vkontakte.ru,1,1954-04-17
475,Lyndell Kilshaw,lkilshawd6@delicious.com,2,2000-04-26
476,Kalli Enric,kenricd7@mashable.com,1,1961-12-27
477,Eleanor Jerrold,ejerroldd8@businesswire.com,2,1943-09-10
478,Noland MacNaughton,nmacnaughtond9@hud.gov,0,1950-12-02
479,Giralda Supple,gsuppleda@desdev.cn,0,1990-05-15
480,Reed Blakebrough,rblakebroughdb@nih.gov,1,1963-03-14
481,Farah Versey,fverseydc@edublogs.org,2,1996-09-23
482,Allys Yerill,ayerilldd@princeton.edu,2,1953-11-03
483,Becka Cowlard,bcowlardde@upenn.edu,0,1961-05-27
484,Devinne Bartoszewicz,dbartoszewiczdf@google.cn,1,1968-03-04
485,Jamima Probat,jprobatdg@ucoz.ru,2,1992-06-22
486,Clayton Rickets,cricketsdh@nhs.uk,1,1977-08-21
487,Enrichetta De Mico,ededi@dot.gov,1,1993-03-15
488,Anjanette Dellit,adellitdj@microsoft.com,1,1947-02-18
489,Austine Cuckson,acucksondk@issuu.com,2,1996-07-03
490,Vivianne Hargitt,vhargittdl@berkeley.edu,0,1971-11-01
491,Kane Zappel,kzappeldm@google.ca,0,1990-01-31
492,Joete Saltman,jsaltmandn@parallels.com,0,1999-05-17
493,Clare Bertwistle,cbertwistledo@blog.com,2,1954-05-11
494,Evangeline Crummy,ecrummydp@godaddy.com,1,1943-07-22
495,Jaquith Ogborne,jogbornedq@businesswire.com,2,1950-04-16
496,Biddie Farn,bfarndr@networksolutions.com,1,1960-02-08
497,Antonius Cleef,acleefds@vk.com,1,1991-08-23
498,Nicolina Reina,nreinadt@woothemes.com,2,1972-01-15
499,Candace Tweedell,ctweedelldu@constantcontact.com,2,1974-05-09
500,Wilburt Ballinghall,wballinghalldv@gravatar.com,2,1963-11-25
501,Sibel Dubois,sduboisdw@nyu.edu,1,1940-03-06
502,Walther Largan,wlargandx@wikia.com,1,1962-12-25
503,Lorilee Cottam,lcottamdy@usda.gov,0,1960-10-07
504,Cheri Gowing,cgowingdz@yolasite.com,2,1947-11-25
505,Roanna Layzell,rlayzelle0@dailymotion.com,2,1942-12-15
506,Pembroke Allsobrook,pallsobrooke1@umn.edu,1,1964-07-21
507,Rochette Starbeck,rstarbecke2@archive.org,0,1943-08-05
508,Ignacius Enriques,ienriquese3@ehow.com,1,1950-07-16
509,Nicola Thrustle,nthrustlee4@gov.uk,1,1976-06-25
510,Yevette Lees,yleese5@bluehost.com,2,1953-09-21
511,Duane Gaspard,dgasparde6@elpais.com,0,1996-12-22
512,Mallorie Giuron,mgiurone7@artisteer.com,2,1983-01-06
513,Mellisent Caudell,mcaudelle8@parallels.com,1,1956-04-21
514,Nissy Bavester,nbavestere9@pcworld.com,1,1979-12-30
515,Stanly Rundall,srundallea@eventbrite.com,0,1976-10-05
516,Antonie Hamblin,ahamblineb@mit.edu,0,1988-05-22
517,Lillian Alelsandrovich,lalelsandrovichec@jalbum.net,0,1956-06-04
518,Taddeusz McGriele,tmcgrieleed@uiuc.edu,2,1998-03-06
519,Emelyne Caris,ecarisee@mozilla.org,2,1997-01-07
520,Nikolai Olver,nolveref@archive.org,2,1944-06-11
521,Maryl Glentz,mglentzeg@dell.com,2,1957-10-13
522,Ernesta Vannar,evannareh@berkeley.edu,0,1970-08-10
523,Taddeo Honnan,thonnanei@wufoo.com,2,1948-05-16
524,Hussein Isaksen,hisaksenej@vinaora.com,0,1958-07-14
525,Culver Grigolon,cgrigolonek@state.tx.us,0,1956-02-25
526,Calli O' Mulderrig,coel@craigslist.org,0,1995-02-01
527,Wake O'Fogerty,wofogertyem@ox.ac.uk,1,1988-03-28
528,Codie Burris,cburrisen@un.org,1,1991-08-22
529,Ricky Townson,rtownsoneo@squarespace.com,1,1996-11-24
530,Davina Hundley,dhundleyep@cnbc.com,2,1954-01-04
531,Latrina Gabbett,lgabbetteq@si.edu,1,1944-12-12
532,Mata Jewess,mjewesser@cafepress.com,0,1994-09-03
533,Anatol Follis,afollises@addtoany.com,1,1943-08-15
534,Yetta Siward,ysiwardet@harvard.edu,0,1980-09-25
535,Randi Frodsham,rfrodshameu@apache.org,2,1966-12-05
536,Herve Campaigne,hcampaigneev@ask.com,2,1938-12-01
537,Ivie Pimbley,ipimbleyew@moonfruit.com,2,1988-06-06
538,Pincas Blaszczak,pblaszczakex@disqus.com,0,1960-07-17
539,Garrek Julian,gjulianey@amazon.com,0,1985-12-27
540,Dara Loft,dloftez@spiegel.de,0,1973-04-16
541,Yule Prinett,yprinettf0@freewebs.com,2,1945-04-12
542,Lianne Matt,lmattf1@google.es,0,1995-06-28
543,Lamar MacIver,lmaciverf2@sciencedirect.com,0,1968-03-15
544,Clementia Stagge,cstaggef3@vk.com,0,1946-01-21
545,Koral Lovart,klovartf4@army.mil,1,1987-12-22
546,Munroe Thurner,mthurnerf5@cdbaby.com,2,1952-09-19
547,Madelena Iacovolo,miacovolof6@cyberchimps.com,0,1971-08-18
548,Rahal Pavelka,rpavelkaf7@goodreads.com,1,1995-05-13
549,Nichols Pozer,npozerf8@scribd.com,2,1994-09-16
550,Matelda Rolinson,mrolinsonf9@smugmug.com,2,1948-10-18
551,Humphrey Shipston,hshipstonfa@amazon.co.uk,1,1993-11-01
552,Peyter Hagart,phagartfb@imgur.com,1,1987-03-24
553,Heddie Allbut,hallbutfc@forbes.com,0,1993-11-25
554,Chauncey Tupie,ctupiefd@dot.gov,2,1973-03-27
555,Madelyn Curtiss,mcurtissfe@diigo.com,0,1944-03-21
556,Willi Congreve,wcongreveff@cmu.edu,2,1960-04-21
557,Bordy Chark,bcharkfg@nature.com,2,1943-04-24
558,Christan Quenell,cquenellfh@gov.uk,2,1994-11-18
559,Joye Legrice,jlegricefi@miibeian.gov.cn,2,1973-05-16
560,Kellen O'Suaird,kosuairdfj@pcworld.com,0,1968-05-22
561,Mame Stook,mstookfk@paginegialle.it,2,1977-12-24
562,Lynnett Raccio,lracciofl@google.es,1,1999-09-12
563,Jolyn Yitzovitz,jyitzovitzfm@wufoo.com,2,1974-11-28
564,Rurik Strettle,rstrettlefn@irs.gov,1,1998-01-23
565,Min Goozee,mgoozeefo@cmu.edu,0,1979-03-13
566,Friedrich Phayre,fphayrefp@upenn.edu,1,1942-09-19
567,Roddy Hattoe,rhattoefq@wix.com,1,1988-09-12
568,Stuart Basham,sbashamfr@merriam-webster.com,0,1972-04-26
569,Johnette Payn,jpaynfs@barnesandnoble.com,2,1979-04-16
570,Nickolas Titford,ntitfordft@craigslist.org,2,1954-04-11
571,Kaine Alwell,kalwellfu@scientificamerican.com,1,1990-02-24
572,Miquela Ruggiero,mruggierofv@phoca.cz,2,1950-08-07
573,Rollie Worton,rwortonfw@techcrunch.com,1,1976-01-21
574,Janis Allworthy,jallworthyfx@netvibes.com,2,1980-08-19
575,Livvyy Dewhurst,ldewhurstfy@chicagotribune.com,1,1938-12-07
576,Elsinore Stuchbury,estuchburyfz@drupal.org,1,1953-11-28
577,Cullan Davy,cdavyg0@reference.com,0,1940-12-13
578,Freddy Legg,fleggg1@blogspot.com,1,1999-01-16
579,Maximilien Roo,mroog2@blogger.com,1,1964-10-10
580,Kerstin Flement,kflementg3@hibu.com,0,1998-03-30
581,Raven Muttock,rmuttockg4@biblegateway.com,0,1974-05-20
582,Harmony Dawid,hdawidg5@fda.gov,1,1943-05-16
583,Doreen Oulet,douletg6@usnews.com,2,1960-08-11
584,Anet Janczyk,ajanczykg7@businessinsider.com,0,1989-06-16
585,Ignacius Stilgo,istilgog8@shinystat.com,2,1995-07-20
586,Ivy Winborn,iwinborng9@wunderground.com,2,1997-12-17
587,Hermina Curd,hcurdga@meetup.com,0,1941-01-04
588,Bianca Bariball,bbariballgb@diigo.com,0,1952-10-11
589,Dionis Bode,dbodegc@phpbb.com,0,1959-02-06
590,Lila Liles,llilesgd@geocities.com,0,1983-09-04
591,Stewart Handlin,shandlinge@google.de,1,1973-05-04
592,Alvie Albrighton,aalbrightongf@geocities.jp,2,1980-10-03
593,Nada Haggarth,nhaggarthgg@cocolog-nifty.com,0,1964-10-11
594,Bone Elmhurst,belmhurstgh@t-online.de,2,1991-10-09
595,Elysee Abramamov,eabramamovgi@mtv.com,2,1983-06-09
596,Adelaida Remirez,aremirezgj@cbslocal.com,1,1958-08-06
597,Jamaal Fernao,jfernaogk@bravesites.com,0,1995-10-29
598,Gianni Lavrick,glavrickgl@sun.com,0,1969-12-02
599,Lauri Brokenshaw,lbrokenshawgm@mlb.com,0,1966-12-18
600,Arlette Elvy,aelvygn@amazon.co.uk,0,1944-10-10
601,Arlan Mewhirter,amewhirtergo@cafepress.com,1,1958-10-01
602,Bart Jerrand,bjerrandgp@howstuffworks.com,0,1994-12-27
603,Justinn Shilston,jshilstongq@accuweather.com,0,1987-10-04
604,Modestia Haggath,mhaggathgr@ucla.edu,2,1960-05-10
605,Tania Pabst,tpabstgs@purevolume.com,1,1983-03-27
606,Annamaria Berthomieu,aberthomieugt@state.tx.us,1,1976-11-02
607,Meridith Anney,manneygu@bloglovin.com,2,1956-02-22
608,Biddy Dedon,bdedongv@example.com,0,1968-02-25
609,Holly Vale,hvalegw@eventbrite.com,1,1964-03-04
610,Teresita Leeb,tleebgx@usgs.gov,2,1941-06-18
611,Padriac William,pwilliamgy@1und1.de,2,1968-01-24
612,Raffarty Kender,rkendergz@hhs.gov,0,1967-01-09
613,Kinnie Leftwich,kleftwichh0@wikia.com,0,1972-02-16
614,Ardyth Blueman,abluemanh1@va.gov,2,1947-06-06
615,Sawyer Leneve,sleneveh2@gnu.org,0,1953-09-15
616,Stafford Dunk,sdunkh3@cloudflare.com,0,1954-11-23
617,Tatiania De Clairmont,tdeh4@google.co.uk,0,2000-04-02
618,Carine Krystof,ckrystofh5@github.com,0,1973-09-15
619,Moise Arundell,marundellh6@instagram.com,0,1981-01-03
620,Antoni Quilleash,aquilleashh7@about.me,0,1968-11-07
621,Rollin Hubach,rhubachh8@ovh.net,2,1981-03-25
622,Lari Lethibridge,llethibridgeh9@census.gov,1,1999-01-21
623,Audi Tryhorn,atryhornha@etsy.com,1,1940-05-30
624,Hadrian Kubec,hkubechb@imgur.com,1,1992-12-29
625,Filippo Tiuit,ftiuithc@toplist.cz,0,1959-08-17
626,Rich Fancet,rfancethd@springer.com,2,1942-02-12
627,Dar Armand,darmandhe@shareasale.com,1,1981-04-28
628,Randie Beccero,rbeccerohf@nbcnews.com,2,1959-10-06
629,Karly Von Der Empten,kvonhg@accuweather.com,0,1991-05-20
630,Juliana McGrudder,jmcgrudderhh@example.com,2,1944-11-20
631,Isabel Fluit,ifluithi@theglobeandmail.com,2,1992-08-08
632,Amy Potier,apotierhj@histats.com,1,1960-09-21
633,Blanch Skyppe,bskyppehk@about.me,0,1941-11-26
634,Vikky Terrett,vterretthl@bloglovin.com,2,1984-12-31
635,Kiersten Pothecary,kpothecaryhm@auda.org.au,1,1966-04-18
636,Selestina Lundberg,slundberghn@uiuc.edu,2,1977-11-08
637,Dorrie Tyne,dtyneho@naver.com,2,1982-07-22
638,Malcolm Bernadon,mbernadonhp@ucoz.com,0,1960-04-21
639,Murray Sexti,msextihq@thetimes.co.uk,1,1952-08-17
640,Keefe Dowker,kdowkerhr@wufoo.com,0,1961-11-15
641,Missie Exroll,mexrollhs@google.co.uk,1,1941-12-16
642,Pammie Plumstead,pplumsteadht@webeden.co.uk,1,1955-09-18
643,Gaylord Clemmen,gclemmenhu@opensource.org,2,1972-02-23
644,Ermanno Cords,ecordshv@abc.net.au,0,1971-02-27
645,Chlo Bernardelli,cbernardellihw@netscape.com,0,1994-03-09
646,Sam Echalier,sechalierhx@jalbum.net,2,1960-08-06
647,Andreas Maccrea,amaccreahy@slate.com,1,2000-01-26
648,Jessamine Gidney,jgidneyhz@who.int,2,1978-07-15
649,Kitty Gerrish,kgerrishi0@ow.ly,1,1992-06-09
650,Micky More,mmorei1@microsoft.com,0,1958-01-24
651,Ivie Gammie,igammiei2@cargocollective.com,2,1979-09-06
652,Korry Kettlewell,kkettlewelli3@buzzfeed.com,1,1990-07-09
653,Tyrus Sandiland,tsandilandi4@about.com,0,1942-07-30
654,Man MacClinton,mmacclintoni5@blinklist.com,0,1946-05-19
655,Chucho Daville,cdavillei6@jiathis.com,0,1981-09-13
656,Alfi Kivlin,akivlini7@istockphoto.com,0,1942-10-19
657,Eunice Dabel,edabeli8@friendfeed.com,0,1943-06-28
658,Cobb Swalwel,cswalweli9@phoca.cz,2,1938-12-12
659,Bekki Comar,bcomaria@miitbeian.gov.cn,2,1999-10-07
660,Rochell Kingsnode,rkingsnodeib@cargocollective.com,0,1947-04-20
661,Elnar Mechan,emechanic@seattletimes.com,0,1947-10-02
662,Roz Whenham,rwhenhamid@state.tx.us,0,1972-01-26
663,Delinda Topes,dtopesie@typepad.com,1,1962-07-17
664,Trescha Gaven,tgavenif@bluehost.com,1,1938-11-06
665,Garwood Estable,gestableig@i2i.jp,1,1978-09-11
666,Clarice Toyer,ctoyerih@google.com.br,1,1991-04-05
667,Zachery Allpress,zallpressii@apache.org,2,1982-10-03
668,Marylin Antuk,mantukij@ocn.ne.jp,0,1949-08-20
669,Sloan Warnes,swarnesik@tripadvisor.com,1,1940-01-19
670,Alden Thirwell,athirwellil@bloglovin.com,2,1978-06-20
671,Dalt Foote,dfooteim@squarespace.com,1,1958-04-30
672,Ambrosi Mooring,amooringin@cyberchimps.com,2,1966-08-25
673,Raina MacCoughan,rmaccoughanio@shop-pro.jp,1,1943-11-27
674,Tabbitha Costar,tcostarip@flavors.me,0,1954-02-18
675,Sidonia Staneland,sstanelandiq@techcrunch.com,2,1980-06-25
676,Thorn Deveril,tdeverilir@aol.com,0,1963-09-22
677,Myrvyn Amdohr,mamdohris@ucsd.edu,1,1964-05-19
678,Kit Tarbin,ktarbinit@webs.com,1,1959-06-17
679,Nessa Cosgriff,ncosgriffiu@telegraph.co.uk,0,1976-10-14
680,Layla Gerrans,lgerransiv@craigslist.org,0,1982-02-05
681,Budd Dumbrall,bdumbralliw@ovh.net,2,1976-02-16
682,Kath Isley,kisleyix@scribd.com,0,1982-03-10
683,Siana Good,sgoodiy@google.co.jp,0,1961-12-23
684,Bryce Placidi,bplacidiiz@posterous.com,1,1956-08-28
685,Ruy Durtnall,rdurtnallj0@shareasale.com,2,1950-02-08
686,Myrtle Webley,mwebleyj1@gmpg.org,1,1955-03-20
687,Silvester Potebury,spoteburyj2@wordpress.org,0,1941-07-29
688,Anstice Nicklinson,anicklinsonj3@photobucket.com,1,1957-02-17
689,Linda Attyeo,lattyeoj4@icq.com,2,1997-07-08
690,Sheffy Maidment,smaidmentj5@issuu.com,0,1992-06-27
691,Stacee Gaynes,sgaynesj6@fastcompany.com,2,1957-10-03
692,Dew Brinded,dbrindedj7@princeton.edu,1,1989-04-07
693,Price Gasnoll,pgasnollj8@simplemachines.org,1,1976-09-12
694,Danika Franckton,dfrancktonj9@gmpg.org,1,1973-06-17
695,Shandee Gooderidge,sgooderidgeja@xing.com,2,1988-03-17
696,Kellie Wharin,kwharinjb@tumblr.com,0,1942-11-03
697,Benny Dowyer,bdowyerjc@jugem.jp,0,1957-01-14
698,Libbie Lapsley,llapsleyjd@woothemes.com,2,1983-08-25
699,Goran Remirez,gremirezje@paypal.com,0,1939-03-07
700,Fran Besset,fbessetjf@fotki.com,2,1990-02-16
701,Corri Ingre,cingrejg@trellian.com,0,1962-12-09
702,Poppy Ornells,pornellsjh@gnu.org,0,1991-09-14
703,Mord Bernocchi,mbernocchiji@cam.ac.uk,1,1995-12-15
704,Meagan Wrigley,mwrigleyjj@ca.gov,2,1993-09-14
705,Welsh Few,wfewjk@xinhuanet.com,1,1976-09-24
706,Thelma Stuchbury,tstuchburyjl@sogou.com,2,1988-04-03
707,Zollie Mackriell,zmackrielljm@cdc.gov,1,1988-10-20
708,Derick Dobrowolski,ddobrowolskijn@patch.com,1,1955-01-31
709,Vita Brunger,vbrungerjo@squidoo.com,1,1956-11-18
710,Worth Phare,wpharejp@jugem.jp,1,1948-07-24
711,Michail Leith-Harvey,mleithharveyjq@noaa.gov,1,1953-03-02
712,Isac Smithson,ismithsonjr@facebook.com,2,1941-01-28
713,Dorolisa Jerrold,djerroldjs@edublogs.org,0,1997-10-26
714,Elnore Scrace,escracejt@tripadvisor.com,1,1978-10-21
715,Valaria Climo,vclimoju@businessweek.com,0,1958-04-19
716,Corinna Antuk,cantukjv@who.int,1,1968-04-16
717,Dodie Ginty,dgintyjw@dagondesign.com,0,2000-03-23
718,Haydon Escalante,hescalantejx@mac.com,2,1985-09-23
719,Daniele Hyrons,dhyronsjy@nih.gov,2,1943-09-17
720,Hall Le Count,hlejz@who.int,2,1956-11-27
721,Sharai Turnell,sturnellk0@pbs.org,0,1939-01-26
722,Woodrow Jepson,wjepsonk1@shinystat.com,2,1986-01-30
723,Darla Waddicor,dwaddicork2@i2i.jp,0,1946-08-09
724,Zackariah Fernanando,zfernanandok3@comsenz.com,1,1989-11-28
725,Vilma Osgood,vosgoodk4@phpbb.com,1,1990-03-28
726,Charlene Jeffreys,cjeffreysk5@nhs.uk,0,1942-01-30
727,Sheba Dusting,sdustingk6@mtv.com,2,1952-05-05
728,Tilda Chalcot,tchalcotk7@usgs.gov,0,1975-05-27
729,Townsend Shearston,tshearstonk8@taobao.com,0,1949-04-26
730,Isahella Cadwaladr,icadwaladrk9@independent.co.uk,0,1988-07-14
731,Mendy Matanin,mmataninka@foxnews.com,0,1987-10-04
732,Ava Cantle,acantlekb@cbsnews.com,2,1988-02-29
733,Dorolice Kyncl,dkynclkc@list-manage.com,2,1990-10-11
734,Pebrook Loveless,plovelesskd@admin.ch,0,1991-06-11
735,Wrennie Andrzejczak,wandrzejczakke@reuters.com,1,1955-12-19
736,Marcelline Ryce,mrycekf@apple.com,2,1978-10-19
737,Berthe Cropper,bcropperkg@sogou.com,2,1964-03-03
738,Malachi Dunphie,mdunphiekh@over-blog.com,1,1989-06-30
739,Wilden Frowing,wfrowingki@who.int,2,1964-09-30
740,Inez Emberson,iembersonkj@uiuc.edu,1,1965-04-18
741,Marney Minmagh,mminmaghkk@cbsnews.com,1,1951-03-15
742,Tammi Beddin,tbeddinkl@sourceforge.net,0,1942-05-10
743,Anneliese Scollard,ascollardkm@berkeley.edu,0,1988-03-13
744,Thekla Ferrige,tferrigekn@state.tx.us,0,1957-11-10
745,Matti Poag,mpoagko@adobe.com,0,1977-07-12
746,Sandie Sigart,ssigartkp@cdbaby.com,1,1957-11-16
747,Happy Diaper,hdiaperkq@stumbleupon.com,0,1965-02-04
748,Thibaut D'Alwis,tdalwiskr@bing.com,1,1964-08-15
749,Babbie Adamiec,badamiecks@virginia.edu,0,1989-04-09
750,Albie Lapenna,alapennakt@barnesandnoble.com,1,1956-07-05
751,Cherye Bockings,cbockingsku@shinystat.com,2,1982-05-19
752,Fons Grigoli,fgrigolikv@unesco.org,1,1957-02-14
753,Caresa Pietranek,cpietranekkw@people.com.cn,0,1985-02-07
754,Fawnia Novacek,fnovacekkx@imageshack.us,1,1947-08-28
755,Kennith Daunay,kdaunayky@stumbleupon.com,2,1941-06-08
756,Axel Morillas,amorillaskz@tmall.com,0,1969-12-13
757,Tyrus Driuzzi,tdriuzzil0@illinois.edu,2,1967-04-22
758,Lu Fink,lfinkl1@statcounter.com,1,1939-12-07
759,Matthaeus Iacovacci,miacovaccil2@sina.com.cn,1,1946-09-17
760,Vickie Glentworth,vglentworthl3@nymag.com,0,1981-03-25
761,Padgett Zorzetti,pzorzettil4@uiuc.edu,1,1976-08-10
762,Tanitansy Measom,tmeasoml5@over-blog.com,1,1995-05-16
763,Pauly Pottinger,ppottingerl6@mayoclinic.com,0,1978-10-11
764,Randolph Kellett,rkellettl7@bluehost.com,0,1945-10-17
765,Keefer Dack,kdackl8@auda.org.au,2,1985-02-16
766,Gelya Burker,gburkerl9@nba.com,1,1977-01-28
767,Rennie Camamill,rcamamillla@nationalgeographic.com,0,1986-05-22
768,Clemens McLucas,cmclucaslb@tuttocitta.it,1,1968-11-05
769,Tisha Hans,thanslc@home.pl,2,1941-06-22
770,Estele Bowring,ebowringld@ebay.co.uk,2,1975-01-20
771,Carey Lurner,clurnerle@cam.ac.uk,2,1996-10-11
772,Elle Gorthy,egorthylf@histats.com,1,1983-11-03
773,Daron Kettel,dkettellg@exblog.jp,0,1990-12-08
774,Addison Di Nisco,adilh@toplist.cz,1,1992-08-16
775,Nadeen Vosper,nvosperli@mapy.cz,1,1947-07-09
776,Harcourt Sibbson,hsibbsonlj@nasa.gov,2,1982-02-02
777,Gabie Myrtle,gmyrtlelk@furl.net,1,1945-02-02
778,Aldous Cassel,acasselll@goodreads.com,1,1958-04-19
779,Alecia Aksell,aakselllm@flavors.me,2,1967-11-25
780,Lynnett Mellmer,lmellmerln@about.me,1,1989-05-24
781,Katrine Birchner,kbirchnerlo@godaddy.com,1,1956-02-09
782,Adair Dimmack,adimmacklp@webeden.co.uk,1,1942-02-11
783,Oralie Korpolak,okorpolaklq@accuweather.com,1,1970-02-09
784,Will Flay,wflaylr@newyorker.com,0,1961-09-27
785,Allistir Doberer,adobererls@bbb.org,0,1954-11-01
786,Clarita Kollaschek,ckollascheklt@mozilla.org,1,1968-11-04
787,Germain Gebuhr,ggebuhrlu@ca.gov,0,1943-10-29
788,Dniren Plews,dplewslv@jugem.jp,0,1965-08-26
789,Kenneth Toffetto,ktoffettolw@gizmodo.com,0,1939-12-21
790,Tamas Garstang,tgarstanglx@state.gov,1,1943-07-14
791,Caddric Houtby,choutbyly@mozilla.com,2,1990-04-18
792,Bari Phelps,bphelpslz@ezinearticles.com,2,1975-07-09
793,Aldus Rallin,arallinm0@dailymotion.com,0,1957-08-06
794,Tawsha Limer,tlimerm1@illinois.edu,0,1964-01-29
795,Marieann Havelin,mhavelinm2@paginegialle.it,2,1985-10-07
796,Vernon Gonthard,vgonthardm3@who.int,2,1983-01-26
797,Irv Conlon,iconlonm4@mapquest.com,0,1964-01-20
798,Dania Mohring,dmohringm5@yellowbook.com,1,1998-08-07
799,Sidonnie Fiddyment,sfiddymentm6@dailymail.co.uk,1,1977-08-25
800,Base McElvogue,bmcelvoguem7@spiegel.de,0,1946-09-16
801,Northrop Eberz,neberzm8@ameblo.jp,0,1942-08-12
802,Arman Joynt,ajoyntm9@google.com.hk,2,1955-08-29
803,Papageno Dymond,pdymondma@furl.net,2,1966-06-09
804,Fionna Riply,friplymb@latimes.com,1,1976-04-18
805,Tomasine Morlon,tmorlonmc@intel.com,0,1972-12-18
806,Mae Bernier,mberniermd@engadget.com,1,1974-03-06
807,Fiann Woodroof,fwoodroofme@naver.com,0,1981-08-16
808,Jaquenette Bellas,jbellasmf@elegantthemes.com,0,1976-04-25
809,Rollo Berrey,rberreymg@army.mil,0,1981-06-22
810,Jens Dallosso,jdallossomh@is.gd,0,1956-10-09
811,Kristina Dowtry,kdowtrymi@businessinsider.com,0,1999-05-22
812,Darcy Laffin,dlaffinmj@cnbc.com,2,1954-07-13
813,Muriel Jerrams,mjerramsmk@purevolume.com,0,1997-08-29
814,Viviene Coste,vcosteml@patch.com,0,1982-12-31
815,Adolph Harkins,aharkinsmm@php.net,0,1952-08-15
816,Datha Headly,dheadlymn@ox.ac.uk,2,1938-12-07
817,Mylo Anderl,manderlmo@marriott.com,2,1972-06-02
818,Brewer Fawdrie,bfawdriemp@paypal.com,1,1941-03-23
819,Elysha Duggan,edugganmq@mail.ru,2,1988-01-03
820,Danni Hayhurst,dhayhurstmr@vkontakte.ru,2,1958-08-07
821,Brigid Duthie,bduthiems@fda.gov,0,1961-02-10
822,Staffard Eblein,sebleinmt@aol.com,1,1961-12-14
823,Frannie Stroban,fstrobanmu@eepurl.com,1,1974-10-15
824,Ellary Spowage,espowagemv@vk.com,0,1984-04-19
825,Pierette Janicki,pjanickimw@java.com,1,1996-09-24
826,Findlay Wesker,fweskermx@devhub.com,1,1966-05-19
827,Herc Rottery,hrotterymy@cargocollective.com,2,1938-11-17
828,Bailie Pratchett,bpratchettmz@macromedia.com,2,1988-04-04
829,Dirk Hampe,dhampen0@oracle.com,2,1984-01-24
830,Pam Bernardelli,pbernardellin1@ftc.gov,0,1986-01-04
831,Ely McCarrison,emccarrisonn2@pagesperso-orange.fr,0,1954-08-26
832,Madalyn Marr,mmarrn3@sourceforge.net,1,1990-07-28
833,Lloyd Lightbourn,llightbournn4@ow.ly,0,1969-05-12
834,Robbie MacAleese,rmacaleesen5@ebay.co.uk,0,1992-01-12
835,Emelyne Hurton,ehurtonn6@is.gd,1,1962-01-01
836,Rona O'Ruane,roruanen7@senate.gov,0,1977-01-06
837,Gideon Cherryman,gcherrymann8@wikipedia.org,0,1954-06-06
838,Luigi Barnaby,lbarnabyn9@deviantart.com,1,1942-06-14
839,Natividad Mell,nmellna@ehow.com,1,1973-11-27
840,Davita Broom,dbroomnb@angelfire.com,2,1951-07-31
841,Hadlee Mohan,hmohannc@topsy.com,2,1996-07-31
842,Abby Woodgate,awoodgatend@t-online.de,2,1956-09-04
843,Teresina Ranken,trankenne@macromedia.com,2,1960-11-14
844,Erek Kamienski,ekamienskinf@usgs.gov,1,1941-06-02
845,Fay Woodhouse,fwoodhouseng@w3.org,0,1965-08-30
846,Florinda Reddington,freddingtonnh@buzzfeed.com,1,1946-09-16
847,Florette Olenichev,folenichevni@census.gov,1,1986-08-25
848,Lewiss Gheraldi,lgheraldinj@wix.com,0,1975-08-02
849,Horacio Cuddon,hcuddonnk@vimeo.com,1,1985-03-06
850,Yanaton Ayre,yayrenl@census.gov,0,1988-07-19
851,Gustav Splevin,gsplevinnm@gravatar.com,2,1996-10-31
852,Ceil Hydes,chydesnn@latimes.com,2,1944-12-31
853,Brittan Sneddon,bsneddonno@ucsd.edu,2,1987-02-27
854,Pietro Krammer,pkrammernp@wiley.com,1,1981-07-27
855,Ileane Baltzar,ibaltzarnq@utexas.edu,0,1986-01-02
856,Bard Lis,blisnr@hubpages.com,1,1981-10-12
857,Christye Semour,csemourns@flickr.com,1,1996-03-06
858,Saunderson Michelmore,smichelmorent@163.com,0,1975-02-05
859,Carlin Rudeforth,crudeforthnu@vkontakte.ru,0,1951-07-21
860,Killian Sivyer,ksivyernv@blinklist.com,2,1951-10-31
861,Fayette Ivkovic,fivkovicnw@1und1.de,1,1988-09-07
862,Maryanna Dorgon,mdorgonnx@uiuc.edu,0,1976-05-26
863,Petunia Jopp,pjoppny@sfgate.com,0,1989-02-25
864,Mirabella Gapper,mgappernz@foxnews.com,2,1963-03-02
865,Allianora Imms,aimmso0@csmonitor.com,1,1978-03-26
866,Min Lindstedt,mlindstedto1@mail.ru,0,1959-07-31
867,Emmy Warbys,ewarbyso2@independent.co.uk,0,1952-02-24
868,Willow Salandino,wsalandinoo3@google.com,1,1953-05-09
869,Shelba Curee,scureeo4@census.gov,2,1984-06-03
870,Hasty Tibols,htibolso5@jalbum.net,2,1938-11-20
871,Pietrek Frances,pfranceso6@ning.com,0,1941-10-18
872,Mirabel Whieldon,mwhieldono7@infoseek.co.jp,1,1992-07-06
873,Mirilla Nilges,mnilgeso8@g.co,2,1996-07-14
874,Courtney Kaser,ckasero9@senate.gov,2,1971-08-05
875,Lucias Close,lcloseoa@irs.gov,2,1967-11-06
876,Arlene Castleman,acastlemanob@sfgate.com,1,1964-04-04
877,Aleece Pinching,apinchingoc@yale.edu,1,1966-11-20
878,Nikoletta Francais,nfrancaisod@seesaa.net,1,1997-03-10
879,Glennis McGuckin,gmcguckinoe@microsoft.com,1,1995-08-08
880,Cori Vickery,cvickeryof@usnews.com,0,1947-12-06
881,Buck Rame,brameog@uol.com.br,0,1983-07-01
882,Constantia MacRedmond,cmacredmondoh@ucla.edu,1,1978-06-28
883,Arte Noddings,anoddingsoi@ebay.co.uk,1,1983-06-24
884,Scarlett Branton,sbrantonoj@miibeian.gov.cn,0,1997-06-15
885,Elliott Wignall,ewignallok@w3.org,1,1949-05-31
886,Sharai Garvey,sgarveyol@cdc.gov,1,1987-01-13
887,Kaylyn Danshin,kdanshinom@biblegateway.com,0,1989-04-02
888,Deni Rasper,drasperon@technorati.com,2,1973-11-01
889,Roger Gounot,rgounotoo@twitpic.com,0,1970-07-02
890,Eyde Northley,enorthleyop@jiathis.com,2,1978-11-28
891,Alvina Curnick,acurnickoq@skyrock.com,2,1956-03-02
892,Millicent Sole,msoleor@apple.com,0,1963-08-29
893,Obadias Beauchamp,obeauchampos@google.pl,2,1982-06-22
894,Roosevelt Ternault,rternaultot@shutterfly.com,2,1945-01-08
895,Caralie Batistelli,cbatistelliou@ovh.net,0,1952-02-21
896,Abagail Roffe,aroffeov@instagram.com,0,1958-09-09
897,Manon Hacksby,mhacksbyow@csmonitor.com,2,1955-07-31
898,Celesta Featherstonhaugh,cfeatherstonhaughox@networkadvertising.org,1,1983-05-06
899,Freeman Gilstoun,fgilstounoy@lycos.com,0,1942-12-10
900,Melanie Docharty,mdochartyoz@spotify.com,0,1976-12-16
901,Paxon I'anson,piansonp0@chicagotribune.com,1,1975-05-17
902,Dario England,denglandp1@booking.com,1,1988-03-29
903,Evin Brandts,ebrandtsp2@telegraph.co.uk,1,1960-11-18
904,Rhianna Hackworth,rhackworthp3@mysql.com,2,1945-08-10
905,Alexander Winckle,awincklep4@deliciousdays.com,1,1959-12-07
906,Zondra Deavall,zdeavallp5@census.gov,2,1962-07-06
907,Jeramie Petzolt,jpetzoltp6@altervista.org,1,1964-06-15
908,Novelia Salomon,nsalomonp7@vimeo.com,0,1987-09-05
909,Merrielle Custard,mcustardp8@illinois.edu,0,1948-06-10
910,Alyse Bouldstridge,abouldstridgep9@ed.gov,2,1987-07-27
911,Damian Leggin,dlegginpa@answers.com,0,1995-06-11
912,Gerianna Albon,galbonpb@yellowbook.com,0,1985-12-02
913,Leah O'Doherty,lodohertypc@unblog.fr,1,1967-03-09
914,Ferdie Shrubb,fshrubbpd@tamu.edu,1,1979-02-11
915,Tildi Vallack,tvallackpe@vimeo.com,2,1952-01-26
916,Israel Gallifont,igallifontpf@imdb.com,1,1961-08-25
917,Binnie Atthowe,batthowepg@youtube.com,0,1983-09-14
918,Dame Bernli,dbernliph@twitter.com,2,1964-09-13
919,Franciskus Le Conte,flepi@npr.org,1,1981-07-27
920,Conny Vatcher,cvatcherpj@mapquest.com,1,1946-04-26
921,Anna-diana Lambrick,alambrickpk@mayoclinic.com,2,1972-05-19
922,Tris Reely,treelypl@mapy.cz,0,1972-04-13
923,Claybourne Cockerill,ccockerillpm@prnewswire.com,1,1948-02-04
924,Patrizius Tizard,ptizardpn@eventbrite.com,2,1972-03-18
925,Kati Brumbye,kbrumbyepo@deviantart.com,0,1952-06-24
926,Nefen Gregon,ngregonpp@smugmug.com,2,1980-10-23
927,Joachim McComiskie,jmccomiskiepq@cnbc.com,1,1992-06-01
928,Martita Quarmby,mquarmbypr@barnesandnoble.com,0,1989-01-13
929,Erinna Pigrome,epigromeps@msu.edu,2,1965-01-30
930,Elisabet Godier,egodierpt@oaic.gov.au,2,1972-11-29
931,Alfonso Richie,arichiepu@ovh.net,1,1974-12-11
932,Julie Deboick,jdeboickpv@time.com,0,1993-03-15
933,Ansley Baxendale,abaxendalepw@abc.net.au,2,1959-08-22
934,Kathie Blindt,kblindtpx@marriott.com,1,1963-11-13
935,Donnie Howroyd,dhowroydpy@posterous.com,1,1966-05-18
936,Brennen Burde,bburdepz@surveymonkey.com,2,1966-01-06
937,Zachariah Spilsbury,zspilsburyq0@cnet.com,2,1979-11-22
938,Lissa Vaskin,lvaskinq1@theguardian.com,0,1988-03-20
939,Louisa Peizer,lpeizerq2@mayoclinic.com,0,1956-03-07
940,Ninnette Yglesia,nyglesiaq3@cnn.com,1,1997-02-06
941,Reeba Tarbox,rtarboxq4@home.pl,1,1985-07-02
942,Rudyard Camellini,rcamelliniq5@list-manage.com,0,1997-03-20
943,Christopher Lodevick,clodevickq6@linkedin.com,1,1950-06-12
944,Kiel Piddocke,kpiddockeq7@com.com,0,1967-02-26
945,Bathsheba Grey,bgreyq8@people.com.cn,2,1982-03-28
946,Grace Keymar,gkeymarq9@va.gov,0,1959-10-31
947,Melany Blackaby,mblackabyqa@facebook.com,0,1959-09-12
948,Rollie Clericoates,rclericoatesqb@google.pl,1,1962-11-08
949,Felice Gronav,fgronavqc@biblegateway.com,1,2000-04-15
950,Emmaline Frounks,efrounksqd@baidu.com,2,1979-02-19
951,Ofilia Lyptratt,olyptrattqe@amazon.co.uk,0,1940-02-29
952,Elsey Tugwell,etugwellqf@bravesites.com,1,2000-01-24
953,Jenna Wheaton,jwheatonqg@webmd.com,2,1953-04-03
954,Langston Shanklin,lshanklinqh@fda.gov,1,1957-08-28
955,Pansy Arkell,parkellqi@ihg.com,0,1949-05-07
956,Rory Garthside,rgarthsideqj@joomla.org,0,1956-06-06
957,Simonette Messier,smessierqk@adobe.com,2,1963-11-05
958,Julie Medlin,jmedlinql@shop-pro.jp,1,1939-01-28
959,Garrot Beautyman,gbeautymanqm@example.com,2,1941-11-06
960,Adey Calbert,acalbertqn@addtoany.com,2,1960-03-23
961,Laurena Copper,lcopperqo@marriott.com,1,1966-07-10
962,Margette Scotcher,mscotcherqp@biglobe.ne.jp,1,1992-09-23
963,Remy Parslow,rparslowqq@live.com,2,1964-01-25
964,Dina Pyer,dpyerqr@mit.edu,2,1977-11-04
965,Vonnie Boxer,vboxerqs@bizjournals.com,2,1962-03-23
966,Lance Crole,lcroleqt@independent.co.uk,2,1957-05-27
967,Cloris Emnoney,cemnoneyqu@uiuc.edu,1,1949-03-13
968,Shirlee Colliar,scolliarqv@globo.com,0,1952-12-22
969,Kathye McInulty,kmcinultyqw@ehow.com,0,1945-02-14
970,Mahala Glisane,mglisaneqx@kickstarter.com,0,1950-01-18
971,Essy Lanning,elanningqy@topsy.com,1,1964-05-24
972,Edward Geeve,egeeveqz@etsy.com,2,1997-02-21
973,Ev Blaze,eblazer0@theglobeandmail.com,1,1972-08-23
974,Sukey Kinghorn,skinghornr1@comcast.net,1,1991-11-20
975,Letitia Raynes,lraynesr2@odnoklassniki.ru,0,1961-11-20
976,Kelvin Adair,kadairr3@toplist.cz,2,1956-08-19
977,Hill Pearson,hpearsonr4@dedecms.com,0,1950-12-12
978,Manon De Giorgio,mder5@wikispaces.com,1,1956-09-13
979,Lizzy Colvill,lcolvillr6@independent.co.uk,1,1987-06-05
980,Zedekiah Boddington,zboddingtonr7@gizmodo.com,2,1992-02-23
981,Eleanore Crankhorn,ecrankhornr8@feedburner.com,0,1970-06-03
982,Demetri Frake,dfraker9@geocities.com,2,1950-01-12
983,Jinny Naris,jnarisra@booking.com,0,1972-02-15
984,Moll Scotts,mscottsrb@skyrock.com,0,1947-01-17
985,Lurline Ropert,lropertrc@state.tx.us,2,1974-11-29
986,Candice Mantha,cmanthard@java.com,2,1958-09-13
987,Demeter Skentelbery,dskentelberyre@linkedin.com,0,1951-05-05
988,Trevor Waight,twaightrf@bloomberg.com,2,1945-03-31
989,Annice Seathwright,aseathwrightrg@privacy.gov.au,1,1995-03-30
990,Judith Moehler,jmoehlerrh@ifeng.com,1,1955-12-10
991,Albie Fitchen,afitchenri@va.gov,2,1974-01-22
992,Teriann McAmish,tmcamishrj@reference.com,1,1953-11-28
993,Barbee Petruskevich,bpetruskevichrk@blogs.com,1,1962-03-03
994,Julina Allbut,jallbutrl@washington.edu,1,1947-04-23
995,Pietro Filyashin,pfilyashinrm@go.com,2,2000-09-11
996,Inger Beaglehole,ibeagleholern@dyndns.org,2,1980-08-03
997,Chauncey Jeens,cjeensro@vk.com,0,1959-02-03
998,Staford Benz,sbenzrp@japanpost.jp,1,1969-11-16
999,Tiebold Nichol,tnicholrq@shutterfly.com,1,1963-05-16
1000,Cody Corradino,ccorradinorr@jigsy.com,1,1972-04-21
